Numero_inscription,reference,date_emp,date_retour
10000000,1,01/2/2003,2/2/2005
10000001,2,01/2/2020,2/2/2020
10000002,2,01/2/2020,2/2/2020
10000003,3,01/2/2020,2/2/2020
10000004,4,01/2/2020,2/2/2020
10000005,5,01/2/2020,2/2/2020
10000006,5,01/2/2020,2/2/2020
10000007,7,01/2/2020,2/2/2020
10000008,7,01/2/2020,2/2/2020
10000009,1,01/2/2020,2/2/2020
10000010,17,01/2/2020,2/2/2020
10000011,18,01/2/2020,2/2/2020
10000012,1,01/2/2020,2/2/2020
10000013,1,1/2/2020,2/2/2020
10000014,2,01/2/2020,2/2/2020
10000015,13,01/2/2020,2/2/2020
10000016,7,01/2/2020,2/2/2020
10000017,1,01/2/2020,2/2/2020
10000018,1,01/2/2020,2/2/2020
10000019,3,01/2/2020,2/2/2020
10000020,8,01/2/2020,2/2/2020
10000021,7,01/2/2020,2/2/2020
10000022,4,01/2/2020,2/2/2020
10000023,8,01/2/2020,2/2/2020
10000024,12,01/2/2020,2/2/2020
10000025,3,01/2/2020,2/2/2020
10000026,9,01/2/2020,2/2/2020
10000027,1,01/2/2020,2/2/2020
10000028,1,01/2/2020,2/2/2020
10000029,2,01/2/2020,2/2/2020
10000030,11,01/2/2020,2/2/2020
10000031,1,01/2/2020,2/2/2020
10000032,12,01/2/2020,2/2/2020
10000033,13,01/2/2020,2/2/2020
10000034,17,01/2/2020,2/2/202010000001,33,10/5/2023,15/5/2023
